-- ═══════════════════════════════════════════════════
-- Site CMS — Seed Data (from New_CMS.xlsx)
-- ═══════════════════════════════════════════════════

-- ─── SITES ───────────────────────────────────────
INSERT INTO sites (code, site_name, locality, coordinates) VALUES
-- Caloocan City
('L4-003-04D4A','M. B. Asistio Sr. High School Unit','Caloocan City','14.650111, 120.965174'),
('L4-003-04A0B','Kasarinlan High School','Caloocan City',NULL),
('L4-003-05F88','Barangay 12 Health Center','Caloocan City','14.6517266, 120.9640138'),
('L4-003-04D56','Manuel L. Quezon High School','Caloocan City','14.769255, 121.077191'),
('L4-003-04D5C','Sampaguita High School','Caloocan City',NULL),
('L4-003-05893','University of Caloocan City - Camarin Business Campus','Caloocan City','14.761965, 121.050172'),
('L4-003-04D5D','Bagumbong High School','Caloocan City','14.7476037, 121.0275501'),
('L4-003-04D51','Caybiga High School','Caloocan City','14.724718, 121.005159'),
('L4-003-04D52','Baesa High School','Caloocan City',NULL),
('L4-003-063CE','Barangay 14 Health Center','Caloocan City','14.6485132, 120.9647162'),
('L4-003-05F92','Sampalukan Health Center','Caloocan City','14.643506, 120.973190'),
('L4-003-0079C','Tandang Sora Integrated School','Caloocan City',NULL),
('L4-003-007B8','Bagong Barrio Elementary School','Caloocan City',NULL),
('L4-003-0017F','Pres. Diosdado Macapagal Memorial Medical Center','Caloocan City','14.647097, 120.972037'),
('L4-003-05F8B','Camarin D Health Center','Caloocan City',NULL),
('L4-003-063C4','178-A Health Center','Caloocan City',NULL),
('L4-003-00795','Grace Park Elementary School - Main','Caloocan City',NULL),
('L4-003-05F87','Barangay 18 Health Center','Caloocan City',NULL),
-- IGOV
('L4-011-0006B','Land Registration Authority','IGOV',NULL),
('L4-011-0665B','Bureau of Fire Protection','IGOV',NULL),
('L4-011-00006','Office of the Ombudsman','IGOV',NULL),
('L4-011-0008B','Bureau of Jail Management and Penology','IGOV',NULL),
('L4-011-00047','Philippine Atmospheric, Geophysical and Astronomical Services Administration','IGOV',NULL),
('L4-022-00009','Department of Science and Technology','IGOV',NULL),
('L4-005-00016','Bureau of the Treasury','IGOV','14.744307, 120.972969'),
('L4-008-00010','Board of Investments','IGOV','14.74449260, 120.97239530'),
('L4-005-0008F','Bureau of Customs','IGOV','14.744307, 120.972969'),
('L4-005-00045','Philippine Coast Guard','IGOV','14.744307, 120.972969'),
('L4-005-0006E','Insurance Commission','IGOV','14.744316, 120.972915'),
('L4-005-0007D','Department of Finance','IGOV',NULL),
('L4-015-0004B','Overseas Workers Welfare Administration','Pasay City',NULL),
('L4-008-06395','Philippine National Police Aviation Security Group','Pasay City',NULL),
-- Las Piñas City
('L4-004-0068C','Almanza Elementary School - T. S. Cruz Annex','Las Piñas City','14.4187517, 121.0177683'),
('L4-004-049F2','Las Piñas East National High School - Equitable Annex','Las Piñas City','14.4330711, 121.0018142'),
('L4-004-0069B','Pamplona Elementary School - Central','Las Piñas City','14.458122, 120.970192'),
('L4-004-04D24','Las Piñas National High School','Las Piñas City','14.482470, 120.981228'),
('L4-004-05E91','Manuyo Uno Health Center','Las Piñas City',NULL),
('L4-004-049EE','T. S. Cruz High School','Las Piñas City',NULL),
('L4-004-05E99','Pulanglupa Dos Health Center','Las Piñas City',NULL),
-- Makati City
('L4-008-006E7','Hen. Pio del Pilar Elementary School - Main','Makati City',NULL),
('L4-008-049FA','Bangkal High School','Makati City',NULL),
('L4-008-04D3B','San Isidro National High School','Makati City',NULL),
('L4-008-0003F','Philippine Marines','Makati City',NULL),
('L4-008-006F2','Hen. Pio del Pilar Elementary School I','Makati City',NULL),
('L4-008-00701','Makati Elementary School','Makati City',NULL),
-- Malabon City
('L4-007-05F9E','Hulong Duhat Health Center','Malabon City',NULL),
('L4-007-05875','City of Malabon University','Malabon City','14.6540178, 120.9601261'),
('L4-007-05FA8','Tañong Health Center','Malabon City',NULL),
('L4-007-007AF','Epifanio de los Santos Elementary School','Malabon City',NULL),
('L4-007-049E1','Col. Ramon Camus Integrated School','Malabon City','14.6616620, 120.9495790'),
('L4-007-049E0','Tañong Integrated School','Malabon City','14.658627, 120.953033'),
('L4-007-007A7','Ninoy Aquino Elementary School','Malabon City','14.653852, 120.959743'),
('L4-007-049E2','Catmon Integrated School','Malabon City','14.665069, 120.962041'),
('L4-007-007CF','Maysilo Elementary School','Malabon City','14.677287, 120.960707'),
('L4-007-05FAA','Tonsuya Health Center','Malabon City','14.660539, 120.959846'),
-- Manila City
('L4-005-05E54','D. Belmonte Health Center','Manila City',NULL),
('L4-005-00711','Aurora A. Quezon Elementary School','Manila City',NULL),
('L4-005-04D9A','Carlos P. Garcia High School','Manila City',NULL),
('L4-005-00751','Gen. L. Geronimo Elementary School','Manila City','14.6055692, 120.9975908'),
('L4-005-04D98','Manila Science High School','Manila City','14.581515, 120.982434'),
('L4-005-0071D','Fernando Ma. Guerrero Elementary School','Manila City',NULL),
('L4-005-00725','Justo Lukban Elementary School','Manila City','14.5813587, 120.9929970'),
('L4-005-0070A','Rafael Palma Elementary School','Manila City','14.5676040, 121.0054520'),
('L4-005-04D99','Manila High School','Manila City',NULL),
('L4-005-05E5A','M. Earnshaw Health Center','Manila City',NULL),
('L4-005-0006D','Intramuros Administration','Manila City',NULL),
('L4-005-04DA3','Ramon Q. Avancena High School','Manila City','14.593998, 120.989962'),
('L4-005-04D9F','Antonio Maceda Integrated School','Manila City','14.603277, 121.012022'),
('L4-005-04D94','Mariano Marcos Memorial High School','Manila City','14.583122, 121.006810'),
('L4-005-04DA8','Pres. Sergio Osmena, Sr. High School','Manila City',NULL),
('L4-005-05E7A','San Miguel Health Center','Manila City',NULL),
('L4-005-00718','E. delos Santos Elementary School','Manila City',NULL),
-- Marikina City
('L4-006-04D3E','Parang High School','Marikina City',NULL),
('L4-006-0076F','Kalumpang Elementary School','Marikina City',NULL),
('L4-006-00785','Leodegario Victorino Elementary School','Marikina City',NULL),
('L4-006-0079E','Malanday Elementary School','Marikina City',NULL),
('L4-006-049FD','Kalumpang National High School','Marikina City',NULL),
('L4-006-00789','Sto. Nino Elementary School','Marikina City',NULL),
('L4-006-05F19','Santa Elena Health Center','Marikina City',NULL),
('L4-006-05F14','Nangka Health Center','Marikina City',NULL),
('L4-006-05F10','Jesus dela Peña Health Center','Marikina City',NULL),
('L4-006-04D41','Marikina Science High School','Marikina City',NULL),
-- Muntinlupa City
('L4-00B-04CFC','Muntinlupa Business High School - Main','Muntinlupa City','14.4416356, 121.0498946'),
('L4-00B-00686','Soldiers Hills Elementary School','Muntinlupa City','14.400877, 121.036763'),
('L4-00B-04CFF','Muntinlupa National High School','Muntinlupa City','14.388728, 121.027980'),
-- Navotas City
('L4-00A-04D0D','Navotas National High School','Navotas City',NULL),
('L4-00A-00788','San Rafael Village Elementary School','Navotas City',NULL),
('L4-00A-05FB5','Tangos Health Center','Navotas City','14.673515, 120.932967'),
('L4-00A-007C9','Tangos Elementary School','Navotas City',NULL),
('L4-00A-05FAE','Kaunlaran Village Health Center','Navotas City','14.6466353, 120.9548767'),
('L4-00A-007A2','Dagat-dagatan Elementary School','Navotas City',NULL),
('L4-00A-04D0C','San Rafael Technological High School','Navotas City',NULL),
('L4-00A-007A5','Bagumbayan Elementary School','Navotas City','14.661638, 120.950164'),
('L4-00A-05FAC','Bagumbayan Health Center','Navotas City','14.652732, 120.949088'),
-- Parañaque City
('L4-013-006BE','Don Galo Elementary School','Parañaque City',NULL),
('L4-013-006C7','Tambo Elementary School','Parañaque City',NULL),
('L4-013-006BC','Sto. Niño Elementary School','Parañaque City',NULL),
('L4-013-05EC0','BF Homes Health Center','Parañaque City','14.450740, 121.019693'),
('L4-013-006B4','Sun Valley Elementary School','Parañaque City','14.489584, 121.029290'),
('L4-013-05EC1','Don Bosco Health Center','Parañaque City',NULL),
('L4-013-05ED0','Vitalez Health Center','Parañaque City',NULL),
-- Pasay City
('L4-015-05ED2','Dona Marta Health Center','Pasay City','14.536152, 121.001873'),
('L4-022-0644C','Philippine Economic Zone Authority','Pasay City','14.5349476, 120.9897264'),
('L4-015-00030','Senate of the Philippines','Pasay City',NULL),
('L4-015-00170','Pasay City General Hospital','Pasay City',NULL),
-- Pasig City
('L4-009-00731','De Castro Elementary School','Pasig City',NULL),
('L4-009-0070B','Pineda Elementary School','Pasig City',NULL),
('L4-009-05F1E','Bagong Katipunan','Pasig City',NULL),
('L4-009-00189','Rizal Medical Center','Pasig City',NULL),
('L4-009-05F38','Sagad Health Center','Pasig City',NULL),
('L4-009-00704','Liberato Damian Elementary School','Pasig City',NULL),
('L4-009-05F30','Oranbo Health Center','Pasig City',NULL),
('L4-009-0071E','Maybunga Elementary School','Pasig City',NULL),
('L4-009-04D2E','Sta. Lucia High School','Pasig City',NULL),
('L4-009-05F27','Kapasigan Health Center','Pasig City',NULL),
-- Quezon City
('L4-011-04D79','New Era High School','Quezon City',NULL),
('L4-011-05F7F','Toro Hills Health Center','Quezon City',NULL),
('L4-008-05EA2','Apolonio Samson National High School','Quezon City',NULL),
('L4-011-04D88','Pugad Lawin High School','Quezon City',NULL),
('L4-011-0063E','San Francisco Elementary School','Quezon City',NULL),
('L4-011-00641','Bayanihan Elementary School','Quezon City',NULL),
('L4-011-04D8C','Sergio Osmena Sr. High School','Quezon City',NULL),
('L4-011-00631','NOH - School for Crippled Children','Quezon City',NULL),
('L4-011-00643','San Jose Elementary School - Pag-Ibig sa Nayon Annex','Quezon City','14.646638, 120.996447'),
('L4-011-00644','Sinag-Tala Elementary School','Quezon City',NULL),
('L4-011-00626','Libis Elementary School','Quezon City',NULL),
('L4-011-05F58','Holy Spirit Health Center','Quezon City',NULL),
('L4-011-00109','East Avenue Medical Center','Quezon City',NULL),
('L4-005-06379','Balonbato Barangay Hall','Quezon City',NULL),
-- San Juan City
('L4-014-063BD','Progreso Barangay Hall','San Juan City',NULL),
('L4-014-00190','San Juan Medical Center','San Juan City',NULL),
('L4-014-063B4','Balong Bato Barangay Hall','San Juan City',NULL),
('L4-014-04D2B','San Juan National High School','San Juan City',NULL),
('L4-014-00753','San Juan Elementary School','San Juan City',NULL),
-- Taguig City
('L4-022-006B9','Ricardo P. Cruz Sr. Elementary School','Taguig City',NULL),
('L4-022-05EED','Palar Health Center','Taguig City',NULL),
('L4-022-04D05','Gen. Ricardo G. Papa Sr. Memorial High School - Annex','Taguig City',NULL),
('L4-022-049DF','Maria Asuncion Rodriguez Tiñga High School','Taguig City',NULL),
-- Valenzuela City
('L4-012-007FF','Punturin Elementary School','Valenzuela City','14.740331, 120.989604'),
('L4-012-05FE1','Ugong Health Center','Valenzuela City','14.693987, 121.009677'),
('L4-012-001B7','Valenzuela Medical Center','Valenzuela City',NULL),
('L4-012-05FBE','Canumay East Health Center','Valenzuela City','14.7172076, 120.9917995'),
('L4-012-007F4','Canumay East Elementary School','Valenzuela City','14.719814, 120.993127'),
('L4-012-007EC','Isla Elementary School','Valenzuela City','14.705958, 120.949738'),
('L4-012-05FDE','Serrano Health Center','Valenzuela City',NULL),
('L4-012-007E7','Maysan Elementary School','Valenzuela City','14.6992289, 120.9798715'),
('L4-012-04D15','Caruhatan National High School','Valenzuela City',NULL),
('L4-012-007EF','Paltok Elementary School','Valenzuela City',NULL),
('L4-012-05FCE','Manotok Health Center','Valenzuela City','14.682913, 120.979741'),
('L4-022-0598B','Pamantasan ng Lungsod ng Valenzuela - Annex','Valenzuela City','14.695300, 120.967519'),
('L4-012-04D1D','Dalandanan National High School','Valenzuela City','14.70922826, 120.95688997'),
('L4-012-007FC','Wawang Pulo Elementary School','Valenzuela City','14.7334461, 120.9279584'),
('L4-012-05FC6','General Tibucio de Leon Health Center II','Valenzuela City','14.685624, 120.990862'),
('L4-012-007F0','A. Deato Elementary School','Valenzuela City','14.711600, 120.942535'),
('L4-012-04D16','Maysan National High School','Valenzuela City','14.699774, 120.979207'),
('L4-012-05FCF','Mapulang Lupa Health Center','Valenzuela City','14.702341, 121.000610'),
('L4-012-05FE2','Veinte Reales Health Center','Valenzuela City','14.714055, 120.966832'),
('L4-012-007E2','Parada Elementary School','Valenzuela City','14.698724, 120.988528'),
('L4-012-05FC9','Lawang Bato Health Center','Valenzuela City','14.730368, 120.993722'),
('L4-012-05FD2','Maysan Health Center','Valenzuela City','14.698690, 120.977773'),
('L4-012-04D19','Valenzuela National High School','Valenzuela City',NULL),
('L4-012-05FE0','Tugatog Health Center','Valenzuela City','14.720810, 120.965967'),
-- Mandaluyong City
('L4-002-063A5','Poblacion Health Center','Mandaluyong City',NULL)
ON CONFLICT (code) DO NOTHING;

-- ─── TECHNICIANS ─────────────────────────────────
INSERT INTO technicians (username, display_name, role, bank, contact) VALUES
('EBANOG','Erwin Anog','technician','MARIBANK','16220905660'),
('POGI','Technician B','technician',NULL,NULL),
('AZIMUTH_ADMIN','Azimuth Admin','admin',NULL,NULL),
('ADMIN','System Admin','admin',NULL,NULL)
ON CONFLICT (username) DO NOTHING;

-- ─── EXPENSES ────────────────────────────────────
INSERT INTO expenses (period_label, period_start, period_end, ca_amount, motor_amount, gas_amount) VALUES
('Jun 1–15, 2026','2026-06-01','2026-06-15',2500,1000,800);

-- ─── WATCHLIST ───────────────────────────────────
INSERT INTO watchlist (site_code, site_name, locality, issue, date_added) VALUES
('L4-003-007B8','Bagong Barrio Elementary School','Caloocan City','OFFLINE MAY 25','2026-05-25'),
('L4-003-0017F','Pres. Diosdado Macapagal Memorial Medical Center','Caloocan City','NO POWER - DEFECTIVE COMMBOX BREAKER','2026-05-21'),
('L4-003-05F8B','Camarin D Health Center','Caloocan City','OFFLINE MAY 12','2026-05-12'),
('L4-004-05E99','Pulanglupa Dos Health Center','Las Piñas City','OFFLINE MAY 26','2026-05-26'),
('L4-008-00010','Board of Investments','IGOV','OFFLINE MAY 21','2026-05-21'),
('L4-008-00701','Makati Elementary School','Makati City','OFFLINE MAY 26','2026-05-26'),
('L4-007-049E0','Tañong Integrated School','Malabon City','DEFECTIVE AP','2026-05-20'),
('L4-005-05E5A','M. Earnshaw Health Center','Manila City','SITE INSPECTION','2026-04-23'),
('L4-005-0007D','Department of Finance','IGOV','DEFECTIVE AP','2026-05-20'),
('L4-005-0008F','Bureau of Customs','IGOV','OFFLINE MAY 22','2026-05-22'),
('L4-005-04DA8','Pres. Sergio Osmena, Sr. High School','Manila City','DEFECTIVE AP','2026-05-20'),
('L4-005-0006D','Intramuros Administration','Manila City','OFFLINE MAY 12','2026-05-12'),
('L4-00B-04CFF','Muntinlupa National High School','Muntinlupa City','DEFECTIVE AP','2026-05-20'),
('L4-00B-00686','Soldiers Hills Elementary School','Muntinlupa City','DEFECTIVE AP','2026-05-20'),
('L4-013-05ED0','Vitalez Health Center','Parañaque City','SCHEDULE FOR SITE RELOCATION','2026-05-18'),
('L4-013-05EC1','Don Bosco Health Center','Parañaque City','OFFLINE','2026-05-25'),
('L4-008-06395','PNP Aviation Security Group','Pasay City','OFFLINE MAY 12','2026-05-12'),
('L4-015-0004B','Overseas Workers Welfare Administration','Pasay City','DEFECTIVE AP - NO AP INSTALLED','2026-05-20');

-- ─── VISITS (Jun 1–11, 2026) ─────────────────────
INSERT INTO visits (visited_by,visit_date,site_code,site_name,locality,power_check,connectivity_check,hardware_check,cables_check,remarks,income) VALUES
('EBANOG','2026-06-01','L4-012-05FCF','Mapulang Lupa Health Center','Valenzuela City',true,true,true,true,'Replaced AP',500),
('EBANOG','2026-06-01','L4-012-04D19','Valenzuela National High School','Valenzuela City',true,false,true,true,'Blinking LOS',400),
('EBANOG','2026-06-02','L4-003-04D56','Manuel L. Quezon High School','Caloocan City',true,true,true,true,'Online no splash page',400),
('EBANOG','2026-06-02','L4-003-063C4','178-A Health Center','Caloocan City',true,false,true,true,'Blinking LOS',350),
('EBANOG','2026-06-03','L4-003-063CE','Barangay 14 Health Center','Caloocan City',false,false,true,true,'Defective modem and AP',350),
('EBANOG','2026-06-03','L4-003-05F92','Sampalukan Health Center','Caloocan City',true,true,true,true,'Reset Modem',300),
('EBANOG','2026-06-03','L4-003-00795','Grace Park Elementary School - Main','Caloocan City',true,true,true,true,'',250),
('EBANOG','2026-06-03','L4-003-05F87','Barangay 18 Health Center','Caloocan City',true,false,true,true,'Blinking LOS',300),
('POGI','2026-06-04','L4-013-05EC1','Don Bosco Health Center','Parañaque City',true,true,true,true,'Reset modem',350),
('POGI','2026-06-04','L4-004-05E99','Pulanglupa Dos Health Center','Las Piñas City',false,false,false,false,'Site is under construction',300),
('EBANOG','2026-06-08','L4-007-049E0','Tañong Integrated School','Malabon City',true,true,true,true,'Replaced AP',125),
('EBANOG','2026-06-08','L4-012-007FF','Punturin Elementary School','Valenzuela City',true,true,true,true,'Reset modem',125),
('EBANOG','2026-06-08','L4-012-007F4','Canumay East Elementary School','Valenzuela City',true,true,true,true,'Reset modem',120),
('EBANOG','2026-06-08','L4-012-05FE0','Tugatog Health Center','Valenzuela City',true,false,true,true,'Blinking LOS',115),
('EBANOG','2026-06-08','L4-00A-05FAC','Bagumbayan Health Center','Navotas City',true,false,true,true,'Defective one access modem',115),
('EBANOG','2026-06-09','L4-003-05893','UCC - Camarin Business Campus','Caloocan City',true,true,true,true,'Reset modem',150),
('POGI','2026-06-09','L4-011-00643','San Jose ES - Pag-Ibig sa Nayon Annex','Quezon City',true,true,true,true,'Replaced defective AP',150),
('POGI','2026-06-09','L4-011-00644','Sinag-Tala Elementary School','Quezon City',true,false,true,true,'Blinking LOS',150),
('EBANOG','2026-06-10','L4-00B-00686','Soldiers Hills Elementary School','Muntinlupa City',true,false,true,true,'AP Defective / Blinking LOS',225),
('EBANOG','2026-06-10','L4-00B-04CFF','Muntinlupa National High School','Muntinlupa City',true,true,true,true,'Replaced AP',225),
('POGI','2026-06-11','L4-011-00626','Libis Elementary School','Quezon City',true,true,true,true,'',250),
('EBANOG','2026-06-11','L4-005-05E7A','San Miguel Health Center','Manila City',true,true,true,true,'',250);
